{
  "name": "Smartphone",
  "core_functions": ["communication", "computing", "display", "input"],
  "materials": ["glass", "metal alloys", "battery chemicals", "semiconductors"],
  "enabling_sciences": ["electromagnetism", "semiconductors", "telecommunications"],
  "subsystems": [
    { "name": "display", "dependencies": ["glass", "optics"] },
    { "name": "power", "dependencies": ["battery tech", "chemistry"] }
  ],
  "cultural_drivers": ["need for mobile messaging", "business travel"],
  "min_tech_level": [
    { "tech": "telegraph", "note": "primitive electrical signalling" },
    { "tech": "battery cells", "note": "Leyden jars / early voltaic cells" }
  ]
}
